,group,sender,text,date
1,freifahren_BE,5938516760,Security...erkennst du auch an den Handschuhen. Noch nie kontrollettis mit Quarzhandschuhen gesehen ü§£üëå,2023-09-05 03:29:59+00:00
1,freifahren_BE,5256526984,7 leutz pankstra√üe,2023-09-05 05:22:33+00:00
1,freifahren_BE,445908679,"Originalbild gel√∂scht.
Bitte alle Gesichter aus den Bildern √ºbermalen oder rausschneiden.",2023-09-05 05:31:55+00:00
1,freifahren_BE,872326896,S42,2023-09-05 05:35:43+00:00
1,freifahren_BE,872326896,Landsberger,2023-09-05 05:38:54+00:00
1,freifahren_BE,908633765,What is this group for?,2023-09-05 05:48:36+00:00
1,freifahren_BE,2082723522,Making the world a better place,2023-09-05 05:51:32+00:00
1,freifahren_BE,952687923,‚ù§Ô∏èüôè,2023-09-05 05:53:35+00:00
1,freifahren_BE,873527646,Sind storkower ausgestiegen und schreiben jemanden auf,2023-09-05 05:58:46+00:00
1,freifahren_BE,5378503635,Airport 2 guys dressed with black t shirts,2023-09-05 06:09:55+00:00
1,freifahren_BE,5378503635,SBahn,2023-09-05 06:10:13+00:00
1,freifahren_BE,488620167,üôäQuartz Handschuhe?!,2023-09-05 06:42:23+00:00
1,freifahren_BE,782746893,Quartz Sand einlagen an den Fingern damit man beim zuschlagen mehr Schaden anrichtet,2023-09-05 06:45:03+00:00
1,freifahren_BE,1024364842,S√ºdstern u7 full,2023-09-05 06:45:25+00:00
1,freifahren_BE,1024364842,Police,2023-09-05 06:45:28+00:00
1,freifahren_BE,1024364842,,2023-09-05 06:46:01+00:00
1,freifahren_BE,768001061,2secus Bushaltestelle 171 s Sonnenalllee Richtung rudow. Sehen eher nach Kontrolle aus,2023-09-05 06:47:30+00:00
1,freifahren_BE,1209696432,"2 in schwarz gekleidet jetzt N√∂ldnerplatz, werden wohl in die S5 nach Strausberg Nord steigen.",2023-09-05 06:58:14+00:00
1,freifahren_BE,525979693,"2 kontrollis , ein mit glatze rot Schwarzes T-shirt , ein mit schwarzer cap nach hinten rum und schwarzen schirt , Westend bei Ringbahn ausgestiegen",2023-09-05 07:05:44+00:00
1,freifahren_BE,1215410211,"S41 Westkreuz lockiges Haar bis zur Schulter, m√§nnlich gelesen",2023-09-05 07:10:17+00:00
1,freifahren_BE,618685191,"U6 Leopoldplatz
Richtung s√ºd

3 blauwesten",2023-09-05 07:18:16+00:00
1,freifahren_BE,415502761,M10 Richtung Warschauer Stra√üe,2023-09-05 07:26:18+00:00
1,freifahren_BE,415502761,Jetzt Gr√ºnberger,2023-09-05 07:26:50+00:00
1,freifahren_BE,415502761,Sind dort ausgestiegen,2023-09-05 07:27:04+00:00
1,freifahren_BE,597219469,S√ºdstern U-bahn,2023-09-05 07:40:12+00:00
1,freifahren_BE,733784207,"S41 sonnenallee, 3 mit gr√ºnen westen kontrollieren",2023-09-05 07:41:17+00:00
1,freifahren_BE,1044036036,u8 rosenthaler richtung hermannstr,2023-09-05 07:42:30+00:00
1,freifahren_BE,1794418019,"2 M√§nner, UBahn B√ºlowstra√üe.",2023-09-05 07:43:10+00:00
1,freifahren_BE,1044036036,weinmeister ausgestiegen,2023-09-05 07:43:45+00:00
1,freifahren_BE,878888106,2 in blauen westen alex u8 machen jetzt pause,2023-09-05 07:49:09+00:00
1,freifahren_BE,499268288,"1 Grosser Typ in schwarzem K√§ppi, schwarzem Tshirt und Jeans shorts, in der S41 Ring die jetzt and der Greifswalder h√§lt",2023-09-05 07:49:22+00:00
1,freifahren_BE,499268288,Er steigt aus S Greifswalder,2023-09-05 07:49:58+00:00
1,freifahren_BE,878888106,Und noch zwei in blauen westen u8 alex auch pause,2023-09-05 07:50:01+00:00
1,freifahren_BE,878888106,3 in blauen westen steigen alex richtung wittenau ein,2023-09-05 07:53:24+00:00
1,freifahren_BE,601793628,"Vier Gr√ºnwesten (Pr√ºfpersonal S Bahn Berlin) in der Ringbahn S42 zwischen Tempelhof und Hermannstra√üe, Steigen Hermannstra√üe aus",2023-09-05 07:57:30+00:00
1,freifahren_BE,460891314,U3 Richtung Warschauer Stra√üe,2023-09-05 08:19:19+00:00
1,freifahren_BE,460891314,gerade an der prinzenstrasse eingestiegen. drei Personen m√§nnlich gelesen einer mit roter cap,2023-09-05 08:19:51+00:00
1,freifahren_BE,238238496,Auf dem S Bahn Gleis Sonnenallee drei Leute in gr√ºnen Westen,2023-09-05 08:22:16+00:00
1,freifahren_BE,1660990943,2 BOS u9 leopolplatz ausgestiegen,2023-09-05 08:36:58+00:00
1,freifahren_BE,397169143,S42 at Frankfurter allee,2023-09-05 08:42:23+00:00
1,freifahren_BE,397169143,Sorry one red hair young female appearing one male appearing,2023-09-05 08:43:46+00:00
1,freifahren_BE,397169143,Woman wearing all black with long hair in a bun,2023-09-05 08:44:25+00:00
1,freifahren_BE,397169143,"Getting out at Greifswalder Str. 
They have phones and not the larger devices",2023-09-05 08:45:05+00:00
1,freifahren_BE,397169143,,2023-09-05 08:46:01+00:00
1,freifahren_BE,560890769,"M10 wird demn√§chst kontrolliert...hier laufen so zwei Leute rum die danach aussehen
2xm√§nnl.gelesEn.
Dunkele haare
Sportl.Kleidung dunkel",2023-09-05 08:46:46+00:00
1,freifahren_BE,319419401,"S41, (mindestens) eine m√§nnliche Person (in Zivil) hat an der Landsberger Allee ein oder zwei Personen rausgeholt. Vermutliche Weiterfahrt mit S41/",2023-09-05 08:52:26+00:00
1,freifahren_BE,738647387,"S41 am gleis Landsberger Allee
Ca Mitte des Zuges",2023-09-05 08:54:00+00:00
1,freifahren_BE,319419401,Genau die meinte ich auch,2023-09-05 08:54:43+00:00
1,freifahren_BE,397444821,M2 marienburgerstr,2023-09-05 08:54:55+00:00
1,freifahren_BE,397444821,Richtung Steinberg,2023-09-05 08:55:13+00:00
1,freifahren_BE,397444821,Und in der u8 waren auch gerade welche. Weinmeisterstr Richtung Wedding,2023-09-05 08:55:34+00:00
1,freifahren_BE,1271855883,3 blaue Westen stehn Grad U8 pankstr,2023-09-05 09:03:07+00:00
1,freifahren_BE,5700045245,U9 Richtung Rathaus Steglitz ab Turmstra√üe,2023-09-05 09:31:55+00:00
1,freifahren_BE,103685310,"U1 prinzenstrasse direction uhlandstr, 3 guys with vests",2023-09-05 09:56:07+00:00
1,freifahren_BE,1151434908,"S7 to Potsdam, 2 guys with white caps.",2023-09-05 10:03:11+00:00
1,freifahren_BE,414527296,Which Station?,2023-09-05 10:09:53+00:00
1,freifahren_BE,414527296,?,2023-09-05 10:10:11+00:00
1,freifahren_BE,1151434908,Grunewald. They're gone now,2023-09-05 10:11:01+00:00
1,freifahren_BE,206692358,"U1 Richtung Uhlandstra√üe, gerade Nollendorfplatz ausgestiegen, 3x m√§nnlich gelesen.",2023-09-05 10:24:34+00:00
1,freifahren_BE,1064284188,"U6 Reinickendorfer Str. Richtung Alt Mariendorf, gerade eingestiegen",2023-09-05 10:35:57+00:00
1,freifahren_BE,576559611,"S7 nach Ahrensfelde, Bellevue",2023-09-05 10:36:37+00:00
1,freifahren_BE,1076131994,"S5 Birkenstein nach Strausberg Nord
2 weiblich gelesen, 1 jung beige top und shorts, andere √§lter schwarz rote Haare, wei√ües shirt",2023-09-05 10:38:28+00:00
1,freifahren_BE,201486456,"S41, Tempelhof->Sudkreuz, man in white T-shirt",2023-09-05 10:41:49+00:00
1,freifahren_BE,576559611,Steigen gleich von Bellevue in die S9 nach Spandau ein. 2 M√§nner in schwarz mit dicker Umh√§ngetasche,2023-09-05 10:41:56+00:00
1,freifahren_BE,6122476112,"S41, 1 Mann schwarze Kleidung, 1 girl Pinkes top und blonde Haare, gerade Ausstieg Landsberger Allee",2023-09-05 10:44:39+00:00
1,freifahren_BE,1192872372,"S2 nach Lichtenrade, Brandenburger Tor raus",2023-09-05 10:50:37+00:00
1,freifahren_BE,34620148,Jetzt tempelhof - - > hermannstr,2023-09-05 10:53:20+00:00
1,freifahren_BE,5565023324,2 Kontrolleure Ring gerade Frankfurter ausgestiegen,2023-09-05 11:14:36+00:00
1,freifahren_BE,699170297,"3 St√ºck: zwei weiblich gelesen, rosa und schwarzes tshirt einer m√§nnlich, schwarzes t Shirt schwarze cap. S42 gerade an der Greifswalder",2023-09-05 11:25:13+00:00
1,freifahren_BE,1412500319,"s41 gleich bei landsberger allee, 4 kontis in civil",2023-09-05 11:33:57+00:00
1,freifahren_BE,1412500319,jetzt storkower,2023-09-05 11:35:50+00:00
1,freifahren_BE,603907033,"2 Zivilkontrolleure, S-Bahn Tempelhof steigen jetzt in S42",2023-09-05 11:38:36+00:00
1,freifahren_BE,1412500319,frankfurter alle raus und in s42 rein,2023-09-05 11:39:01+00:00
1,freifahren_BE,603907033,"M√§nnlich gelesen, 1 mit Cap, Anderer mit Zopf",2023-09-05 11:39:17+00:00
1,freifahren_BE,189818479,4K Rathaus Steglitz bei der Bushaltestelle x83 und 282,2023-09-05 11:39:45+00:00
1,freifahren_BE,1743975315,Mehrere m√§nnlich gelesene Personen auf den Linien M85/M48 in der n√§he des Innsbrucker Platz unterwegs,2023-09-05 11:44:30+00:00
1,freifahren_BE,970467885,U7 Haselhorst am Gleis! 2 Kontrolleure,2023-09-05 11:47:19+00:00
1,freifahren_BE,918293133,"U1/3 Kurf√ºstenszra√üe Richtung Krumme Lanke, 3 M√§nner im Dunkel blau",2023-09-05 11:48:38+00:00
1,freifahren_BE,271186707,3 Blauwesten u6 wedding eingestiegen Richtung  k.-schumacher-platz,2023-09-05 11:51:48+00:00
1,freifahren_BE,594697071,U9 Kontrolle Richtung Steglitz,2023-09-05 11:53:47+00:00
1,freifahren_BE,594697071,Hansaplatz ausgestiegen,2023-09-05 11:55:02+00:00
1,freifahren_BE,101966183,3 chubby long hair read women in blue vests waiting  u8 northbound at pankstrasse,2023-09-05 11:59:10+00:00
1,freifahren_BE,101966183,Platform end. Werden hinten einsteigen,2023-09-05 11:59:28+00:00
1,freifahren_BE,377685469,"u9 richting steglitz im zug 
gleich turmstra√üe",2023-09-05 12:01:48+00:00
1,freifahren_BE,1498709733,"U1, U3 Gorlitzer - 2 ppl",2023-09-05 12:41:56+00:00
1,freifahren_BE,1082217167,U6 leopoldplatz,2023-09-05 12:49:55+00:00
1,freifahren_BE,1082217167,U6 Friedrich str,2023-09-05 12:56:47+00:00
1,freifahren_BE,998610843,S Treptow,2023-09-05 12:57:26+00:00
1,freifahren_BE,225290514,"Ringbahn / Ostkreuz
pinkes, bauchfreies Top, Dreivierteljeans, blonder Pferdeschwanz",2023-09-05 12:57:28+00:00
1,freifahren_BE,608908956,u9 zoo richtung osloer str,2023-09-05 13:08:01+00:00
1,freifahren_BE,575414487,U6 3 Blauwesten u Naturkundemuseum auf dem Bahnsteig,2023-09-05 13:14:22+00:00
1,freifahren_BE,1046364668,Zahlen ja auch gut,2023-09-05 13:18:53+00:00
1,freifahren_BE,742607554,"2 Frauen, 1 Mann in Bellevue",2023-09-05 13:28:56+00:00
1,freifahren_BE,932411923,,2023-09-05 13:29:28+00:00
1,freifahren_BE,830578254,M5 Mann mit dem Bart Richtung Hohensch√∂nhausen,2023-09-05 13:29:31+00:00
1,freifahren_BE,1088028370,S 41/42 zwischen Hermannstra√üe und Tempelhof ein Typ,2023-09-05 13:36:37+00:00
1,freifahren_BE,890877856,"M10, right now at Gedenkst√§tte Berliner Mauer, towards Warschauer 
Two guys, undercover",2023-09-05 13:45:00+00:00
1,freifahren_BE,838883572,U6 Seestra√üe 2 blauwesten Richtung k. Schumacher Platz Ersten Wagen,2023-09-05 13:49:20+00:00
1,freifahren_BE,137998982,"U6 Richtung Kurt Schumacher jetzt Seestra√üe zugestiegen, 3 M√§nner in Blauwesten",2023-09-05 13:49:50+00:00
1,freifahren_BE,5144101732,"U9 Osloer Stra√üe. Hanssplatz 
3 Mann.
BOS",2023-09-05 13:54:53+00:00
1,freifahren_BE,183603059,U6Leopold platz -> kurt....platz. 3x blauwesten ausgestiegen.,2023-09-05 14:23:03+00:00
1,freifahren_BE,5991527269,U8 kotti,2023-09-05 14:32:03+00:00
1,freifahren_BE,5716448906,"M2 , one station before Alexanderplatz",2023-09-05 14:54:01+00:00
1,freifahren_BE,6013477341,S42 bei sonnenalle ( ostkreuz) Direktion!,2023-09-05 14:54:54+00:00
1,freifahren_BE,6013477341,Andere Richtung gefahren..,2023-09-05 14:59:08+00:00
1,freifahren_BE,908633765,I don‚Äôt understand,2023-09-05 15:20:30+00:00
1,freifahren_BE,262673948,"This group only makes sense if you are in Berlin, Germany, using public transport. We report ticket controls here. Off-topic use of the group is not allowed.",2023-09-05 15:22:13+00:00
1,freifahren_BE,908633765,Okay so it is a group help dodge ticket inspectors?,2023-09-05 15:40:32+00:00
1,freifahren_BE,262673948,Yes. For Berlin only. For other cities see pinned message with more groups,2023-09-05 15:41:11+00:00
1,freifahren_BE,908633765,But they appear randomly everyday right? Do they have regular working hours?,2023-09-05 15:41:59+00:00
1,freifahren_BE,926822209,U6 Leopoldplatz 3 blauwesten stehen Richtung alt Mariendorf auf Gleis hinten,2023-09-05 15:43:23+00:00
1,freifahren_BE,397444821,M2 Richtung Alex mollstr/Prenzlauer Allee,2023-09-05 15:46:59+00:00
1,freifahren_BE,397444821,"1 m√§nnlich gelesen. Schwarze cap, schwarzes Shirt",2023-09-05 15:47:17+00:00
1,freifahren_BE,214672616,Blaue Westen am Gleis U6 Wedding,2023-09-05 15:56:18+00:00
1,freifahren_BE,478943777,Osloer Stra√üe 2 blaue Westen,2023-09-05 16:22:52+00:00
1,freifahren_BE,1911559286,Mockenbrucke U3,2023-09-05 16:36:47+00:00
1,freifahren_BE,244263158,U6 Oranienburger Tor. Stehen am gleis,2023-09-05 16:37:03+00:00
1,freifahren_BE,244263158,3 m√§nnlich gelesen,2023-09-05 16:38:00+00:00
1,freifahren_BE,244263158,Blaue Westen,2023-09-05 16:39:19+00:00
1,freifahren_BE,6396158871,Zoology  4 kont 2 poliz,2023-09-05 17:07:26+00:00
1,freifahren_BE,6410250214,Wo genau ?,2023-09-05 17:15:11+00:00
1,freifahren_BE,442138885,U9 Hansaplatz,2023-09-05 17:16:28+00:00
1,freifahren_BE,1008275446,4k male u jannowitzbr√ºcke,2023-09-05 17:21:15+00:00
1,freifahren_BE,5372214948,Bus 187 2 Kontrolleure Innsbrucker Platz - S Friedenau,2023-09-05 17:32:03+00:00
1,freifahren_BE,1173531914,Keine Ahnung was du meinst,2023-09-05 17:32:48+00:00
1,freifahren_BE,843940005,Gneisenaustr. U7 Richtung Herrmannstr.,2023-09-05 17:33:14+00:00
1,freifahren_BE,133482170,"Du wei√üt nicht, was ich meine? Du hast hier auf Drogen irgendwelchen M√ºll gepostet.",2023-09-05 17:33:57+00:00
1,freifahren_BE,1173531914,Da kann ich mich nicht dran erinnern das k√∂nnte aber sich ein Kumpel gewesen sein,2023-09-05 17:34:58+00:00
1,freifahren_BE,133482170,Tja,2023-09-05 17:35:31+00:00
1,freifahren_BE,5100808256,Zoo u9 10x Bos,2023-09-05 17:39:38+00:00
1,freifahren_BE,974427989,"S7 richtung ahrensfelde, gerade an der friedrichstr",2023-09-05 17:51:05+00:00
1,freifahren_BE,974427989,"2 m√§nnl. geslesen, in zivil",2023-09-05 17:51:47+00:00
1,freifahren_BE,1005748734,"Wann kommt ungef√§hr der Brief, wei√ü das jemand?",2023-09-05 20:25:53+00:00
1,freifahren_BE,5100808256,nach ein paar wochen idR,2023-09-05 20:26:20+00:00
1,freifahren_BE,1629680845,Es kommen keine mehr. Der N√§chte ist meistens eine Anzeige.,2023-09-05 23:43:43+00:00
1,freifahren_BE,104266818,"41 Neuk√∂lln gerade auf dem Gleis. M√§nnlich gelesen blaue trainingsjacke. Kontrolliert mit Handy, dazu schwarze Umh√§ngetasche",2023-09-06 03:24:13+00:00
1,freifahren_BE,1294910625,2 men in blue jackets S 45 towards Airport.,2023-09-06 04:11:21+00:00
1,freifahren_BE,1294910625,Altginige,2023-09-06 04:13:03+00:00
1,freifahren_BE,1294910625,"2 more 
 Other ones",2023-09-06 04:21:01+00:00
1,freifahren_BE,779363091,3 green Vest at Treptow Park,2023-09-06 05:03:38+00:00
1,freifahren_BE,779363091,S9 towards the airport,2023-09-06 05:03:51+00:00
1,freifahren_BE,310026752,"2 M√§nner s9 Treptower Park Richtung Spandau, ausgestiegen",2023-09-06 05:04:22+00:00
1,freifahren_BE,779363091,Pl√§nterwald aussgestiegen,2023-09-06 05:06:12+00:00
1,freifahren_BE,66349393,S41 gleich Sonnenalle. Eine Frau rot wei√ü gestreiftes t Shirt,2023-09-06 05:49:55+00:00
1,freifahren_BE,6364334369,Potsdamer Platz eine Frau und ein Typ grade S2 raus,2023-09-06 06:15:20+00:00
1,freifahren_BE,445908679,"08:28 uhr, weitergeleitet:

""S3 Hirschgarten
Richtung Erkner""",2023-09-06 06:30:28+00:00
1,freifahren_BE,445908679,,2023-09-06 06:30:35+00:00
1,freifahren_BE,176106658,"S47 Richtung K√∂nigs Wusterhausen, Station Gr√ºnau, drei kontrolettis in zivil",2023-09-06 06:39:40+00:00
1,freifahren_BE,5944083262,U 8 3 person weinmeisterstr,2023-09-06 06:51:07+00:00
1,freifahren_BE,5944083262,Ticket Kontrolle,2023-09-06 06:51:22+00:00
1,freifahren_BE,90543966,"M5 tram, Landsberger Allee, Richtung Zingster str",2023-09-06 06:51:35+00:00
1,freifahren_BE,431436888,S9 Wa√ümannsdorf Richtung Spandau,2023-09-06 06:55:27+00:00
1,freifahren_BE,1522983892,Westkreuz auf dem Gleis oben bei der RingBahn,2023-09-06 06:58:32+00:00
1,freifahren_BE,6179487113,S9 Richtung BER ACHTUNG,2023-09-06 07:04:15+00:00
1,freifahren_BE,532259869,S3 Karlshorst Richtung Spandau,2023-09-06 07:04:30+00:00
1,freifahren_BE,6179487113,"N√§chste station Olympiastadion  
2 personen",2023-09-06 07:05:00+00:00
1,freifahren_BE,6179487113,M gelesen mit Goldener Uhr Schwarze Sbahn pusherbag,2023-09-06 07:06:15+00:00
1,freifahren_BE,1278598963,4 m gelesen sbahn jungfernheide,2023-09-06 07:07:53+00:00
1,freifahren_BE,1278598963,Am Gleis,2023-09-06 07:08:11+00:00
1,freifahren_BE,740146410,2 m√§nnlich gelesen beide in wei√üem Poloshirt U8 Bernauer Str. Am gleis,2023-09-06 08:04:40+00:00
1,freifahren_BE,445908679,"10:08 uhr, weitergeleitet:

""S K√∂penick
2 Kontis
1 davon mit gr√ºner Jacke und Schieber m√ºtze""",2023-09-06 08:09:34+00:00
1,freifahren_BE,1453884340,2 in der U 8 jetzt Weinmeisterstr,2023-09-06 08:10:23+00:00
1,freifahren_BE,1453884340,Das sind die von der Bernauerstr,2023-09-06 08:10:50+00:00
1,freifahren_BE,1453884340,Steigen aus.,2023-09-06 08:11:07+00:00
1,freifahren_BE,1309028448,U8 hermannstr. Vor 2 minuten voltastra√üe eingestiegen,2023-09-06 08:25:19+00:00
1,freifahren_BE,5106728484,U1 Hallesches Tor,2023-09-06 08:32:00+00:00
1,freifahren_BE,5106728484,They got 2 people already,2023-09-06 08:32:14+00:00
1,freifahren_BE,201951764,2 weiblich gelesen mit blauen k√∂tter-westen an bernauer str am gleis,2023-09-06 08:32:34+00:00
1,freifahren_BE,1689893004,Welche Linie,2023-09-06 08:34:12+00:00
1,freifahren_BE,201951764,"U8, aber am gleis",2023-09-06 08:34:48+00:00
1,freifahren_BE,812352284,3 kontrolettis am Ostkreuz stehen oben bei der Ringbahn.,2023-09-06 08:35:11+00:00
1,freifahren_BE,78402706,"U9 Birkenstra√üe 4 Kontrolettis, schwarze Westen",2023-09-06 08:44:11+00:00
1,freifahren_BE,1832822319,Buslinie m85 hbf Richtung Lichterfelde wird zu und abgestiegen von Kontrolleuren,2023-09-06 08:48:33+00:00
1,freifahren_BE,1832822319,BOS Westen,2023-09-06 08:48:41+00:00
1,freifahren_BE,1131433210,U9 westhafen zwei mit BOS Westen,2023-09-06 08:49:34+00:00
1,freifahren_BE,1131433210,Zwei Mal m√§nnlich gelesen,2023-09-06 08:49:47+00:00
1,freifahren_BE,738647387,"Kontrolle M8 Anton Sefko Platz jetzt
Noch in bahn Richtung hbf
2 Leute,wg mit weisser Handtasche und gr. mg mit schwarzer Cap",2023-09-06 08:52:48+00:00
1,freifahren_BE,1131433210,U9  Turmstra√üe 4-5 Menschen mit BOS westen,2023-09-06 08:55:17+00:00
1,freifahren_BE,247313835,"S Frankfurter 3 m√§nnlich gelesen
Gro√ü, b√§rtig und Bauchtasche",2023-09-06 09:06:09+00:00
1,freifahren_BE,93997009,"Jetzt in der ringbahn 2 Typen, von s hermannstrasse, gerade Tempelhof ausgestiegen",2023-09-06 09:15:34+00:00
1,freifahren_BE,219024801,S3 Stresow Richtung Spandau. 1x m√§nnlich und 1x weiblich gelesen.,2023-09-06 09:17:37+00:00
1,freifahren_BE,1464053822,4 blue belt,2023-09-06 09:21:16+00:00
1,freifahren_BE,1464053822,Warschauer Stra√üe,2023-09-06 09:21:19+00:00
1,freifahren_BE,1002464746,S 42 bundesplatz 2 x,2023-09-06 09:25:35+00:00
1,freifahren_BE,774945523,S42 Hohenzollerndamm,2023-09-06 09:27:15+00:00
1,freifahren_BE,774945523,,2023-09-06 09:27:27+00:00
1,freifahren_BE,10869553,"Zwei typen grad S Hermannstra√üe 
1 weisse cap
Beide so unsexy Umh√§ngetasche",2023-09-06 09:33:26+00:00
1,freifahren_BE,958288120,M5/M6 mollstr. / otto-braun-str,2023-09-06 09:35:22+00:00
1,freifahren_BE,6356391517,U bahn oder Sbahn?,2023-09-06 09:37:45+00:00
1,freifahren_BE,1698345964,U7 Richtung Wittenau,2023-09-06 09:41:26+00:00
1,freifahren_BE,1698345964,Jetz im Jannowitzbrucke,2023-09-06 09:41:37+00:00
1,freifahren_BE,6176848115,Gerade u9 westhafen 2 gro√üe typen,2023-09-06 09:57:53+00:00
1,freifahren_BE,378047577,Hellblau Jacke und schwarze Jacke Ringbahn N√§he landsberger,2023-09-06 10:06:47+00:00
1,freifahren_BE,838883572,U6 Leopoldolatz 4/6 blauwesten Richtung Alt Mariendorf letzen Wagen,2023-09-06 10:13:00+00:00
1,freifahren_BE,112393383,Boddinstr ubahngleis viel Polizei.,2023-09-06 10:15:51+00:00
1,freifahren_BE,112393383,Sch√∂nleinstr ubabn ebenso bullen,2023-09-06 10:19:36+00:00
1,freifahren_BE,3519735,S41 westkreuz 2 Frauen,2023-09-06 10:20:09+00:00
1,freifahren_BE,369722820,Kontrolle s9 Richtung Erkner Zoo eingestiegen,2023-09-06 10:21:12+00:00
1,freifahren_BE,251993239,Sbahn bellevue,2023-09-06 10:22:48+00:00
1,freifahren_BE,445908679,"12:29 uhr, weitergeleitet:

""U2 M√∂hrenstra√üe
Richtung Pankow
4 blauwesten""",2023-09-06 10:30:50+00:00
1,freifahren_BE,808204445,3 black wests u Hansaplatz U9,2023-09-06 10:31:43+00:00
1,freifahren_BE,764214895,Kontrolletti s 41 neuk√∂lln. Gro√üer klatzkopf mit schwarzem adidas shirt,2023-09-06 10:57:20+00:00
1,freifahren_BE,176221070,Kontros S9 nach Spandau jetzt gleich Bellveue,2023-09-06 11:02:12+00:00
1,freifahren_BE,915728480,S9 Bellevue gerade,2023-09-06 11:25:15+00:00
1,freifahren_BE,5273661164,U9 nach rathaus steglitz hansaplatz,2023-09-06 11:34:00+00:00
1,freifahren_BE,1420913449,"4stk M14 Greifswalder Stra√üe, wei√ü nicht welche Richtung.",2023-09-06 11:38:09+00:00
1,freifahren_BE,5160088032,Alexanderplatz U8 Richtung Wittenau eine Blauweste ein zivil,2023-09-06 11:42:14+00:00
1,freifahren_BE,445908679,"13:36 uhr

""4 controllers on U3 Krumme Lanke direction""

There was no station metioned.


Original image deleted.
Please paint over or cut out all faces from the pictures.",2023-09-06 11:48:21+00:00
1,freifahren_BE,593921902,U6 Richtung alt mariendorf. hallesches Tor ausgestiegen,2023-09-06 11:52:39+00:00
1,freifahren_BE,5000069710,Halleshes tor u6,2023-09-06 11:54:54+00:00
1,freifahren_BE,1400375663,M2 Richtung Alexanderplatz,2023-09-06 12:07:32+00:00
1,freifahren_BE,602350360,"Hey, Kottbusser Tor Abfahrt jetzt u3 Richtung krumme lanke 5 kontrollettis in schwarz mit grauen Sicherheitswesten",2023-09-06 12:07:50+00:00
1,freifahren_BE,5696422586,s25 henningsdorf,2023-09-06 12:14:55+00:00
1,freifahren_BE,5696422586,oranienburges str,2023-09-06 12:15:02+00:00
1,freifahren_BE,5696422586,2 zivil ein komplett hellgr√ºn angezogen,2023-09-06 12:15:53+00:00
1,freifahren_BE,712580704,s5-> westkreuz jetzt mahlsdorf,2023-09-06 12:24:17+00:00
1,freifahren_BE,93997009,"Blauwesten jetzt u Tempelhof am Bahnsteig, kamen von u Platz der Luftbr√ºcke",2023-09-06 12:25:23+00:00
1,freifahren_BE,5307935948,U8 Osloer Stra√üe viele üêΩüê∑,2023-09-06 12:25:24+00:00
1,freifahren_BE,5307935948,Zwischen gesundbrunen -Osloer Stra√üe üêΩüê∑,2023-09-06 12:26:39+00:00
1,freifahren_BE,6285394149,S7,2023-09-06 12:36:24+00:00
1,freifahren_BE,6285394149,Men in black,2023-09-06 12:36:32+00:00
1,freifahren_BE,6285394149,Tiergarten,2023-09-06 12:36:41+00:00
1,freifahren_BE,370894067,I¬¥m sure that this is Schlesisches Tor in direction to Uhlandstra√üe and Krumme Lanke.,2023-09-06 12:56:57+00:00
1,freifahren_BE,163867818,"S-Bahn Bellevue 
Ein Mann in Zivil",2023-09-06 13:28:05+00:00
1,freifahren_BE,1511321965,Bos Jacken bus stop Uhlandstrasse,2023-09-06 14:57:08+00:00
1,freifahren_BE,912634481,U9 zoo,2023-09-06 15:01:26+00:00
1,freifahren_BE,912634481,Viiiiiele,2023-09-06 15:01:37+00:00
1,freifahren_BE,1169176383,Alt tempelhof U6 am Bahnsteig gerade ausgestiegen 4 Blauwesten Kontrolle,2023-09-06 15:20:05+00:00
1,freifahren_BE,1419239092,Kontrollettis u alt- Tempelhof,2023-09-06 15:20:52+00:00
1,freifahren_BE,1419239092,blau westen 4 St√ºck kann ich best√§tigen,2023-09-06 15:21:49+00:00
1,freifahren_BE,1419239092,Sind immernoch am ubhf,2023-09-06 15:21:50+00:00
1,freifahren_BE,1419239092,Steigen gleich vorne in die u6 Richtung kutschi,2023-09-06 15:25:53+00:00
1,freifahren_BE,1412538783,M6 direction hackesher markt 2 controllers dresssed in civilian clothes,2023-09-06 15:28:00+00:00
1,freifahren_BE,1481608210,Kontrolle u6 erster Waggon Richtung alt telgel. 2 √§ltere Typen in blauer weste. Sind Tempelhof ausgestiegen,2023-09-06 15:28:03+00:00
1,freifahren_BE,1481608210,2 j√ºngere Typen (einer mit pinselkopf) sind aus dem zweiten Waggon mit ausgestiegen,2023-09-06 15:28:51+00:00
1,freifahren_BE,592405334,u1 kurf√ºrstenstra√üe blauwesten,2023-09-06 16:17:40+00:00
1,freifahren_BE,1790203346,U9 Hansaplatz on the platform Richtung Osloer str. wearing vests,2023-09-06 16:30:12+00:00
1,freifahren_BE,817474732,Gesundbrunnen: 3 Polizist*innen am Gleis 1,2023-09-06 16:30:36+00:00
1,freifahren_BE,192319192,U6 direction kurt Schumacher Platz. Wearing blue vests,2023-09-06 16:44:35+00:00
1,freifahren_BE,1811286176,U8 hermanplatz towards hermanstrasse,2023-09-06 16:48:32+00:00
1,freifahren_BE,845927947,Leopoldplatz u9 Richtung Osloer,2023-09-06 17:00:44+00:00
1,freifahren_BE,1583915973,BOS gerade in U1 bei Nollendorfplatz eingestiegen Richtung Warschauer,2023-09-06 17:06:43+00:00
1,freifahren_BE,1583915973,Ausgestiegen Kurf√ºrstenstr,2023-09-06 17:07:06+00:00
1,freifahren_BE,5307935948,U6  viele Controller viele Stress gemacht,2023-09-06 17:08:52+00:00
1,freifahren_BE,445908679,Bitte immer die letzte Station dazuschreiben. Linien sind lang und die Meldung ist damit leider ungenau.,2023-09-06 17:17:19+00:00
1,freifahren_BE,535919727,Kontrolletti in der U9 Zoo -> Rathaus Steglitz,2023-09-06 17:39:18+00:00
1,freifahren_BE,535919727,Sind Zoo ausgestiegen,2023-09-06 17:40:26+00:00
1,freifahren_BE,262673948,"Absolutely no commercial advertising. Even if there's ""free benefits"" involved. Stay on topic.",2023-09-06 20:23:08+00:00
1,freifahren_BE,262673948,@yasin6512 talking to you.,2023-09-06 20:23:56+00:00
1,freifahren_BE,64196833,"Sbahn ring. S42. 1x m√§nnlich, 3xweiblich gelesen. Landsberger Allee ausgestiegen",2023-09-07 04:18:09+00:00
1,freifahren_BE,5006015882,Ring s42 Wedding sind noch im Zug werden wahrscheinlich Beussel oder Jungfernheide raus,2023-09-07 05:09:04+00:00
1,freifahren_BE,1778132868,6 Blaue Osloerstr. Richtung Wittenau,2023-09-07 05:10:42+00:00
1,freifahren_BE,5006015882,Sind Westhafen,2023-09-07 05:11:36+00:00
1,freifahren_BE,487330033,"Landsberger alle, steigen ein Richtung Ostkreuz",2023-09-07 05:12:13+00:00
1,freifahren_BE,171720735,Steigen storkower str aus aus der s 9 Richtung Blankenburg,2023-09-07 05:34:03+00:00
1,freifahren_BE,1126439400,S5 Savingnyplatz 2 M√§nner einer Grau Kurze Hose und Pullover mit aufschrift und der andere wei√ües Cap und blaue Nike Trainingsjacke,2023-09-07 05:44:14+00:00
1,freifahren_BE,1126439400,der andere ist leider nicht zu sehen,2023-09-07 05:47:11+00:00
1,freifahren_BE,5696422586,2 sicherheitsdienste u7 wilmersdorfer richtung rudow,2023-09-07 06:00:52+00:00
1,freifahren_BE,5696422586,sind jetzt adenauerplatz in die u7spandau ausgestiegen,2023-09-07 06:03:17+00:00
1,freifahren_BE,906738400,U8 Osloer Richtung Hermannstra√üe,2023-09-07 06:03:58+00:00
1,freifahren_BE,2097469943,S26 Richtung Teltow Stadt eine Dame an der wollankstr. eingestiegen,2023-09-07 06:43:18+00:00
1,freifahren_BE,522846865,"S1 richtung wannsee, feuerbachstra√üe",2023-09-07 07:14:12+00:00
1,freifahren_BE,1399037612,S42 jtz Wedding 2 blonde kontrollierte Frauen,2023-09-07 07:22:42+00:00
1,freifahren_BE,448069734,Does anyone has bicycle ticket i could borrow?,2023-09-07 07:24:11+00:00
1,freifahren_BE,1399037612,Sind Wedding ausgestiegen,2023-09-07 07:24:30+00:00
1,freifahren_BE,5783805118,S7 towards Potsdam hbf. Controller near lictenberg,2023-09-07 07:24:53+00:00
1,freifahren_BE,1147001947,"Ostkreuz s 41  auf dem Gleis 2 M√§nnlich, einer sehr breit und dunkel gekleidet",2023-09-07 07:28:04+00:00
1,freifahren_BE,250669307,"S42, storkower str, 2 male read, still on the train",2023-09-07 07:32:00+00:00
1,freifahren_BE,227378219,U5 Wuhletal BOS Tshirt/Weste schwarz,2023-09-07 07:55:04+00:00
1,freifahren_BE,517526229,,2023-09-07 07:57:48+00:00
1,freifahren_BE,517526229,Zwei m√§nnlich gelesen. Beide mit H√ºftgold. Eine weiblich gelesen. Alle mit dunkel blauen BOS Weste.,2023-09-07 07:59:21+00:00
1,freifahren_BE,1348173163,"2m√§nnlich gelesene 1 sehr gro√üer Mensch mit beidem Pulli und der andere hat ne Hose in der gleichen Farbe an. S25 Richtung waidmannslust. Gerade Friedrichstra√üe, fahren weiter mit.
Kontrollieren mit Handys",2023-09-07 08:04:14+00:00
1,freifahren_BE,1348173163,Das ist der eine. Sind Oranienburgerstr auch noch weiter gefahren,2023-09-07 08:06:43+00:00
1,freifahren_BE,1727751569,Die fahren von Humboldhsin wieder zur√ºck Richtung Friedrichstra√üe,2023-09-07 08:13:10+00:00
1,freifahren_BE,977296764,Kontrolle beim aussteigen an der Osloerstr. U8. Zumindest hinten. In blauen Vesten,2023-09-07 08:13:42+00:00
